Make,Model,Engine_Size,Mileage,Fuel_Type,Transmission,Price,Car_Age,Mileage_per_Year
Honda,Model B,3.9,74176,Petrol,Manual,30246.20793120509,10,7417.6
Ford,Model C,1.7,94799,Electric,Automatic,22785.747684331356,11,8618.09090909091
BMW,Model B,4.1,98385,Electric,Manual,25760.290347165286,19,5178.1578947368425
Honda,Model B,2.6,88919,Electric,Automatic,25638.00349070714,10,8891.9
Honda,Model C,3.4,138482,Petrol,Automatic,21021.386657394465,21,6594.380952380952
Ford,Model C,2.7,81462,Electric,Manual,25509.93287629353,10,8146.2
Audi,Model B,1.3,179340,Diesel,Manual,12268.206025234887,25,7173.6
Audi,Model C,2.0,165320,Electric,Automatic,27783.73788099169,7,23617.14285714286
Honda,Model A,4.4,31159,Electric,Automatic,27392.17842052496,21,1483.7619047619048
Ford,Model C,4.4,42039,Electric,Automatic,28434.53362361644,19,2212.5789473684213
Audi,Model C,2.1,47800,Electric,Automatic,29404.954005061834,7,6828.571428571428
Ford,Model B,4.5,40761,Diesel,Manual,36811.01281668896,4,10190.25
Ford,Model A,4.0,94626,Petrol,Automatic,25205.003959368507,21,4506.0
Honda,Model D,3.1,118368,Diesel,Manual,27796.075501353043,9,13152.0
Honda,Model D,1.1,174735,Diesel,Manual,23521.88168354501,4,43683.75
Toyota,Model E,4.2,80903,Petrol,Manual,26493.183231202293,18,4494.611111111111
Audi,Model C,3.0,171484,Electric,Automatic,16626.379445014078,25,6859.36
Audi,Model C,4.0,118998,Petrol,Automatic,21122.1891416249,24,4958.25
Audi,Model A,3.9,166439,Petrol,Manual,21853.33258714576,11,15130.818181818182
BMW,Model D,3.9,136885,Diesel,Manual,34716.98001970374,6,22814.166666666668
Ford,Model E,3.4,59894,Petrol,Manual,32761.645499094437,8,7486.75
Honda,Model A,2.0,51444,Electric,Manual,23469.161589430896,15,3429.6
Audi,Model C,2.2,165341,Diesel,Automatic,20093.070808766803,16,10333.8125
Toyota,Model D,2.1,61748,Electric,Manual,18920.31855483959,22,2806.7272727272725
Audi,Model E,1.1,41190,Diesel,Automatic,20152.09690167459,21,1961.4285714285713
Ford,Model B,3.0,40318,Electric,Automatic,21520.12291774841,22,1832.6363636363637
Ford,Model D,3.4,168090,Petrol,Automatic,23293.130308719145,13,12930.0
Honda,Model E,4.0,124078,Petrol,Automatic,23633.389547739884,13,9544.461538461539
BMW,Model A,1.5,39759,Petrol,Manual,29288.89578862573,8,4969.875
Honda,Model B,2.9,16498,Electric,Automatic,25839.54216182566,24,687.4166666666666
Audi,Model E,1.0,25989,Diesel,Manual,25546.588800832757,10,2598.9
Toyota,Model E,1.3,156640,Diesel,Automatic,14089.788408398124,25,6265.6
Honda,Model C,1.2,117035,Diesel,Manual,22788.321295955186,7,16719.285714285714
BMW,Model D,3.5,66577,Petrol,Manual,27694.611928539816,17,3916.294117647059
Honda,Model C,1.3,105231,Electric,Manual,15961.213902875084,23,4575.260869565217
Ford,Model B,3.5,161171,Diesel,Manual,22519.39025009384,19,8482.684210526315
Audi,Model E,1.9,89900,Electric,Manual,19181.81635933002,16,5618.75
Audi,Model C,4.1,171711,Diesel,Automatic,16604.498169800227,25,6868.44
Audi,Model D,3.8,104679,Petrol,Manual,23648.417357426908,16,6542.4375
Audi,Model B,4.4,23482,Electric,Automatic,37032.60751681,5,4696.4
Audi,Model A,4.1,69212,Diesel,Manual,28849.579398883176,17,4071.294117647059
Audi,Model C,4.3,186333,Diesel,Automatic,25844.62473356537,11,16939.363636363636
Toyota,Model B,4.0,30048,Diesel,Automatic,31479.64694321859,11,2731.6363636363635
BMW,Model A,3.4,134137,Diesel,Automatic,14502.975868116162,23,5832.04347826087
Audi,Model C,1.6,133108,Petrol,Manual,17622.004589515123,21,6338.476190476191
BMW,Model B,2.0,35814,Diesel,Automatic,26785.398168634143,17,2106.705882352941
Audi,Model B,1.7,190766,Diesel,Manual,28722.71774326649,4,47691.5
Honda,Model C,3.1,147996,Petrol,Manual,20951.40955857868,17,8705.64705882353
Audi,Model B,2.8,129493,Diesel,Automatic,19794.718978131823,19,6815.421052631579
Ford,Model E,4.0,60204,Electric,Automatic,30130.309562576305,14,4300.285714285715
Toyota,Model C,4.3,32844,Electric,Manual,29445.48311355711,17,1932.0
Honda,Model B,2.4,81943,Diesel,Manual,24753.59681452641,20,4097.15
Honda,Model A,2.8,21518,Petrol,Manual,22407.72268350372,24,896.5833333333334
Ford,Model A,4.4,148131,Petrol,Manual,23895.75456201794,17,8713.588235294117
Audi,Model E,2.0,23052,Petrol,Manual,31599.826148544693,9,2561.3333333333335
Toyota,Model C,3.8,69803,Diesel,Manual,23726.57862526377,25,2792.12
Honda,Model B,1.8,71524,Diesel,Automatic,30346.215343516054,7,10217.714285714286
Toyota,Model B,3.4,89572,Electric,Manual,22948.26789714067,20,4478.6
Honda,Model A,1.9,139752,Petrol,Manual,20338.96900473741,21,6654.857142857143
Audi,Model E,4.1,67021,Diesel,Automatic,21021.26925344609,24,2792.5416666666665
Honda,Model A,3.0,20043,Diesel,Automatic,24750.239377055197,17,1179.0
Honda,Model A,1.7,2419,Diesel,Automatic,31337.129832918512,12,201.58333333333334
BMW,Model E,1.8,187964,Petrol,Manual,14716.4991509295,22,8543.818181818182
Audi,Model C,2.7,121831,Petrol,Automatic,21650.08173175999,22,5537.772727272727
Ford,Model B,4.4,101799,Electric,Automatic,32908.9919162183,5,20359.8
Ford,Model C,3.7,148212,Petrol,Manual,25975.3181829386,11,13473.818181818182
Audi,Model D,2.7,174556,Diesel,Manual,16516.158281751552,18,9697.555555555555
Ford,Model D,2.2,194941,Electric,Manual,15099.270863365697,22,8860.954545454546
Audi,Model D,2.9,176282,Petrol,Manual,26209.114472633504,10,17628.2
Ford,Model E,3.6,57600,Petrol,Automatic,33433.34058814334,5,11520.0
BMW,Model A,3.7,116467,Petrol,Manual,23440.80639148045,22,5293.954545454545
Ford,Model C,2.1,78497,Petrol,Automatic,28083.89791878724,10,7849.7
Honda,Model B,3.5,108611,Diesel,Manual,29044.03396667674,4,27152.75
Audi,Model D,3.3,137559,Petrol,Automatic,25936.31066350544,14,9825.642857142857
Toyota,Model C,4.4,60692,Diesel,Manual,31637.942553880304,10,6069.2
Toyota,Model D,4.3,62112,Diesel,Manual,32975.09518341061,7,8873.142857142857
Audi,Model D,3.8,162182,Diesel,Manual,26186.290378010654,18,9010.111111111111
BMW,Model B,3.5,16360,Electric,Automatic,28876.60673366304,20,818.0
Ford,Model E,2.0,180482,Diesel,Automatic,17198.895951445586,16,11280.125
BMW,Model A,4.0,83038,Petrol,Automatic,24977.176126019443,21,3954.190476190476
Toyota,Model E,2.5,3017,Electric,Manual,32422.38985271645,8,377.125
Audi,Model C,2.0,86261,Petrol,Automatic,26559.13630867799,16,5391.3125
Audi,Model E,2.3,191196,Diesel,Manual,18619.12116092821,16,11949.75
BMW,Model C,3.9,182021,Petrol,Manual,25114.947306661936,19,9580.052631578947
BMW,Model C,1.5,189340,Electric,Manual,18439.53460515992,8,23667.5
Ford,Model A,2.6,66320,Electric,Automatic,20819.294492658613,25,2652.8
Honda,Model B,2.7,31127,Petrol,Manual,24317.93911560689,19,1638.2631578947369
Honda,Model A,1.1,134268,Petrol,Automatic,23496.94278916075,5,26853.6
Ford,Model E,1.7,75088,Petrol,Manual,17699.356990781285,25,3003.52
Honda,Model C,3.9,172372,Electric,Manual,23758.786640002247,11,15670.181818181818
Toyota,Model D,3.9,180786,Diesel,Manual,22721.04360997124,22,8217.545454545454
Honda,Model D,2.0,31921,Petrol,Automatic,33749.07065768503,6,5320.166666666667
Ford,Model C,4.1,4746,Diesel,Automatic,32267.989022928246,16,296.625
Honda,Model A,3.7,68535,Electric,Manual,26024.54621022126,17,4031.470588235294
Audi,Model B,2.5,65350,Petrol,Automatic,19866.033914444622,24,2722.9166666666665
BMW,Model A,3.6,181417,Petrol,Automatic,25112.76748295554,12,15118.083333333334
Toyota,Model C,4.4,180292,Electric,Manual,26885.701902472352,10,18029.2
Audi,Model C,2.6,81131,Petrol,Manual,19853.79809280083,25,3245.24
Audi,Model B,1.8,22063,Diesel,Automatic,23079.23601460086,24,919.2916666666666
Ford,Model E,4.3,117116,Electric,Manual,26526.341081820985,19,6164.0
BMW,Model E,3.1,88913,Electric,Manual,24946.26993994605,16,5557.0625
BMW,Model B,1.4,78946,Petrol,Automatic,26778.048174623844,4,19736.5
Toyota,Model E,3.0,177043,Electric,Automatic,23005.61866634597,6,29507.166666666668
Ford,Model D,2.8,134670,Petrol,Manual,18367.763348682925,25,5386.8
Toyota,Model E,4.0,10564,Petrol,Automatic,36806.29194626599,13,812.6153846153846
Honda,Model E,2.9,49725,Electric,Automatic,20092.42346009751,25,1989.0
Audi,Model E,1.9,86134,Petrol,Manual,22692.238162068115,21,4101.619047619048
Toyota,Model D,3.4,105940,Diesel,Manual,26651.88768130642,10,10594.0
Audi,Model E,2.9,191012,Diesel,Manual,21301.336928173827,11,17364.727272727272
Ford,Model D,1.8,62085,Petrol,Manual,29325.596960235664,9,6898.333333333333
Honda,Model B,3.0,17862,Diesel,Automatic,31096.38368667561,10,1786.2
Ford,Model A,3.9,10265,Petrol,Automatic,32783.26959298096,13,789.6153846153846
Honda,Model B,1.1,140777,Diesel,Manual,19619.33951242473,15,9385.133333333333
Honda,Model A,3.2,186351,Electric,Manual,22734.554676473184,9,20705.666666666668
Audi,Model B,2.2,62471,Petrol,Manual,30066.6451118404,9,6941.222222222223
Ford,Model A,2.0,91080,Petrol,Manual,18822.83562553442,24,3795.0
Ford,Model A,2.4,194051,Petrol,Automatic,17320.429502165516,13,14927.0
Toyota,Model C,2.2,55828,Petrol,Automatic,25323.63196173479,12,4652.333333333333
Ford,Model A,3.9,116884,Petrol,Manual,19722.494305080218,15,7792.266666666666
Toyota,Model A,2.0,108007,Petrol,Manual,22203.63406434929,16,6750.4375
BMW,Model C,3.6,46104,Electric,Automatic,27502.93292669767,23,2004.5217391304348
BMW,Model E,1.3,40934,Electric,Automatic,25459.000344440086,9,4548.222222222223
BMW,Model E,4.3,114420,Diesel,Automatic,30050.07651667699,11,10401.818181818182
Ford,Model C,3.2,6050,Petrol,Automatic,29958.63476812381,17,355.88235294117646
Ford,Model D,3.5,175024,Diesel,Manual,20245.044948824983,16,10939.0
Toyota,Model A,2.0,8484,Diesel,Automatic,29148.868312636343,18,471.3333333333333
Honda,Model A,2.4,62648,Electric,Automatic,30122.279119550163,5,12529.6
Toyota,Model C,1.8,59945,Diesel,Automatic,29623.28675967311,13,4611.153846153846
BMW,Model C,4.3,184750,Electric,Manual,23591.142061999555,8,23093.75
Toyota,Model D,2.7,31323,Diesel,Manual,24295.578896817515,21,1491.5714285714287
Honda,Model E,3.2,86332,Petrol,Automatic,23282.89595196669,20,4316.6
Ford,Model B,3.6,94605,Diesel,Automatic,29388.52395735864,9,10511.666666666666
Toyota,Model E,2.3,166433,Electric,Manual,21711.01196857656,15,11095.533333333333
BMW,Model A,3.5,10315,Electric,Manual,41780.5046353258,6,1719.1666666666667
BMW,Model C,3.4,47968,Electric,Automatic,31811.732307069517,10,4796.8
Ford,Model D,3.5,157591,Diesel,Manual,22168.93048525096,17,9270.058823529413
Toyota,Model E,2.7,9107,Diesel,Automatic,22252.25095286496,24,379.4583333333333
Honda,Model D,2.3,55781,Electric,Manual,19030.73705469249,21,2656.2380952380954
Ford,Model E,1.8,3869,Petrol,Automatic,24747.071662736176,25,154.76
Toyota,Model A,3.9,80983,Petrol,Automatic,23157.28168816858,22,3681.0454545454545
Audi,Model B,3.1,158442,Diesel,Manual,23986.216706491232,22,7201.909090909091
BMW,Model D,2.6,193767,Diesel,Automatic,26748.073236771117,4,48441.75
Honda,Model D,4.3,191494,Electric,Manual,19708.418946895927,23,8325.826086956522
Honda,Model B,1.2,7971,Diesel,Manual,25789.70779178422,17,468.88235294117646
Honda,Model D,4.0,96805,Diesel,Manual,33467.70353011093,4,24201.25
BMW,Model D,4.5,25651,Electric,Automatic,30828.316109272462,14,1832.2142857142858
Toyota,Model E,4.1,56974,Electric,Automatic,25348.2945923593,16,3560.875
Ford,Model E,3.8,23446,Diesel,Automatic,24826.32974696832,24,976.9166666666666
Toyota,Model B,2.3,169180,Petrol,Manual,20104.287551612528,15,11278.666666666666
Ford,Model A,1.8,3823,Diesel,Automatic,25613.21539754382,16,238.9375
Honda,Model D,3.6,144526,Petrol,Automatic,26901.532900080103,4,36131.5
Toyota,Model A,2.1,135004,Petrol,Automatic,17453.37937007505,20,6750.2
Honda,Model B,1.6,141292,Petrol,Automatic,25706.864933945883,8,17661.5
Audi,Model B,3.8,67965,Electric,Manual,25198.14156878829,24,2831.875
Honda,Model E,2.1,159280,Electric,Automatic,16078.81959180701,24,6636.666666666667
Honda,Model D,4.2,10510,Electric,Manual,32548.69585260059,16,656.875
Ford,Model C,3.9,175117,Diesel,Manual,23280.283064811338,10,17511.7
Audi,Model B,4.0,141609,Electric,Manual,23828.70041649039,14,10114.92857142857
Honda,Model D,3.7,105935,Electric,Manual,21725.28014875638,25,4237.4
Honda,Model A,4.1,69134,Diesel,Automatic,31734.282338134355,5,13826.8
Audi,Model E,3.8,72254,Diesel,Automatic,26704.09649617642,18,4014.1111111111113
Audi,Model A,3.1,144854,Petrol,Automatic,22932.250811894453,10,14485.4
Toyota,Model B,2.0,114780,Diesel,Manual,22461.774141132773,8,14347.5
Ford,Model B,4.1,125544,Diesel,Automatic,28394.957512089757,13,9657.23076923077
Audi,Model A,3.9,65587,Electric,Manual,32574.74170435552,11,5962.454545454545
Audi,Model B,2.7,82238,Petrol,Automatic,29026.458012185118,5,16447.6
BMW,Model D,1.1,75720,Petrol,Automatic,19873.07483505823,14,5408.571428571428
Audi,Model B,3.2,78004,Diesel,Automatic,20583.0556219742,18,4333.555555555556
Ford,Model E,1.2,22072,Electric,Manual,28480.40029906886,16,1379.5
Honda,Model D,4.2,81015,Electric,Automatic,30072.03170700992,12,6751.25
Honda,Model C,4.4,72746,Electric,Manual,24946.713405663508,21,3464.095238095238
Honda,Model B,1.7,176774,Electric,Manual,21333.476872345043,8,22096.75
Honda,Model B,3.4,102260,Diesel,Manual,25860.335499702134,7,14608.57142857143
BMW,Model E,1.3,137129,Electric,Automatic,22983.346947532464,11,12466.272727272728
Audi,Model E,3.6,128259,Petrol,Automatic,26287.265383770668,20,6412.95
Honda,Model A,2.2,30916,Petrol,Manual,25288.685982241248,15,2061.0666666666666
Toyota,Model A,3.4,27268,Diesel,Manual,39203.51407329373,5,5453.6
Honda,Model A,2.3,175050,Electric,Manual,19614.6902010778,15,11670.0
Audi,Model E,1.5,23259,Electric,Manual,33670.556257087344,6,3876.5
Honda,Model A,2.4,184655,Electric,Manual,24681.69208859138,6,30775.833333333332
BMW,Model A,1.4,79400,Electric,Automatic,28442.26237800999,5,15880.0
Ford,Model C,3.0,34293,Diesel,Automatic,35473.20148503057,8,4286.625
Ford,Model A,1.1,111581,Electric,Automatic,25686.357877203704,8,13947.625
Audi,Model B,2.8,7043,Diesel,Manual,29497.54615666564,16,440.1875
Ford,Model E,4.1,181502,Electric,Manual,14742.226323856292,24,7562.583333333333
Ford,Model D,3.9,107009,Electric,Automatic,22435.13286828753,17,6294.64705882353
Toyota,Model C,4.1,38893,Petrol,Automatic,32672.45994803784,12,3241.0833333333335
Audi,Model E,4.2,171714,Diesel,Manual,30749.866610742483,7,24530.571428571428
Audi,Model E,1.4,161940,Petrol,Manual,18459.902134492582,16,10121.25
Ford,Model B,1.5,26309,Diesel,Manual,21001.94072224211,22,1195.8636363636363
Ford,Model A,2.9,23284,Electric,Automatic,22457.45922165679,20,1164.2
Ford,Model B,4.1,126801,Electric,Manual,25792.77988503244,12,10566.75
BMW,Model A,4.4,113259,Diesel,Manual,23899.012258394072,22,5148.136363636364
Honda,Model A,1.2,100804,Petrol,Manual,21646.88669550848,11,9164.0
BMW,Model E,2.2,69000,Diesel,Automatic,25521.107459205068,10,6900.0
Audi,Model A,1.7,84179,Diesel,Manual,21088.81547304672,19,4430.473684210527
Toyota,Model C,3.6,193179,Electric,Automatic,27437.87334024478,9,21464.333333333332
Honda,Model C,3.2,65049,Petrol,Manual,32516.988775776837,7,9292.714285714286
Toyota,Model C,1.4,29265,Diesel,Manual,29908.493570740236,7,4180.714285714285
Audi,Model E,2.7,23880,Petrol,Automatic,31582.972761520843,9,2653.3333333333335
Audi,Model B,3.4,84579,Petrol,Manual,25173.40340471428,20,4228.95
Toyota,Model D,3.7,131327,Diesel,Automatic,24613.38684843462,15,8755.133333333333
Toyota,Model A,1.1,132574,Petrol,Manual,21249.13676464303,10,13257.4
Toyota,Model D,4.1,65424,Electric,Automatic,28905.18791851654,18,3634.6666666666665
Audi,Model B,3.0,70966,Electric,Manual,26000.90943567536,15,4731.066666666667
Ford,Model B,3.8,172438,Electric,Automatic,18600.90519506473,19,9075.684210526315
Toyota,Model E,3.8,158497,Electric,Automatic,32061.750020259577,4,39624.25
Honda,Model C,1.7,183400,Petrol,Manual,18490.145409903835,7,26200.0
Audi,Model C,1.4,67396,Electric,Automatic,25966.84564913463,16,4212.25
BMW,Model B,3.5,71694,Diesel,Manual,27428.21049301553,17,4217.294117647059
BMW,Model E,1.5,136878,Electric,Automatic,14717.798534521346,22,6221.727272727273
Honda,Model E,4.0,17106,Diesel,Manual,33193.20910777398,11,1555.090909090909
Ford,Model A,3.5,56731,Diesel,Manual,28305.723198605465,13,4363.923076923077
Toyota,Model C,3.9,75010,Electric,Manual,25164.951456710096,24,3125.4166666666665
Audi,Model B,2.0,32599,Electric,Manual,23445.91250499211,24,1358.2916666666667
Toyota,Model D,2.1,71326,Petrol,Automatic,28056.427042160187,10,7132.6
Audi,Model C,3.3,75706,Diesel,Manual,27307.46616196713,17,4453.294117647059
BMW,Model A,1.1,9004,Electric,Manual,26520.13514982756,13,692.6153846153846
Toyota,Model E,3.5,115018,Petrol,Manual,24772.45019038796,23,5000.782608695652
Honda,Model B,3.9,182436,Electric,Manual,24125.41376691525,17,10731.529411764706
Ford,Model C,2.5,25792,Electric,Manual,27756.38856335729,13,1984.0
Honda,Model D,3.7,195984,Electric,Automatic,28222.52343206645,5,39196.8
Ford,Model A,1.6,54645,Diesel,Manual,31414.914571820114,4,13661.25
Toyota,Model A,2.1,7232,Electric,Automatic,22818.87668942465,24,301.3333333333333
Toyota,Model C,4.4,54766,Petrol,Automatic,27885.18671150585,18,3042.5555555555557
Ford,Model D,4.5,120601,Electric,Manual,28398.966023555608,17,7094.176470588235
BMW,Model A,2.8,81588,Electric,Manual,27991.21249394888,10,8158.8
Audi,Model B,4.3,179614,Petrol,Automatic,19639.643780672908,24,7483.916666666667
Honda,Model A,2.8,5913,Petrol,Automatic,29606.55813092816,20,295.65
Honda,Model D,2.0,112406,Diesel,Automatic,32946.378001395686,4,28101.5
Honda,Model E,1.9,113693,Diesel,Manual,19562.10010603887,18,6316.277777777777
Toyota,Model E,4.3,93449,Diesel,Automatic,24485.749498157784,21,4449.952380952381
Honda,Model C,1.6,10567,Diesel,Automatic,25819.65802388573,17,621.5882352941177
Audi,Model D,3.0,38379,Petrol,Manual,23274.52286547603,25,1535.16
Audi,Model A,2.9,319,Electric,Automatic,29536.759777223782,17,18.764705882352942
Ford,Model A,3.6,90005,Electric,Manual,25219.392983726,16,5625.3125
Toyota,Model E,2.7,110990,Electric,Automatic,17818.117960774347,22,5045.0
Audi,Model E,2.0,4791,Diesel,Manual,27268.100489699496,23,208.30434782608697
BMW,Model B,1.6,131401,Petrol,Automatic,21354.115001607566,16,8212.5625
Toyota,Model E,3.2,61032,Petrol,Manual,28511.328533321022,11,5548.363636363636
Toyota,Model B,3.5,175150,Petrol,Manual,23116.726015841465,15,11676.666666666666
Audi,Model A,3.0,88662,Electric,Automatic,30732.80105190751,12,7388.5
BMW,Model B,3.6,21300,Diesel,Manual,26058.956762448688,20,1065.0
Ford,Model B,1.5,75700,Petrol,Automatic,24137.28042615392,14,5407.142857142857
Audi,Model C,4.1,182017,Diesel,Manual,21319.42051819694,13,14001.307692307691
BMW,Model E,3.0,55609,Petrol,Manual,29982.86675225236,9,6178.777777777777
Toyota,Model B,1.4,191634,Diesel,Manual,20951.490772229117,10,19163.4
BMW,Model A,2.6,90045,Petrol,Manual,18468.303488089983,23,3915.0
Toyota,Model D,4.0,61901,Diesel,Manual,24030.54726178305,24,2579.2083333333335
Audi,Model B,4.1,5703,Petrol,Manual,33514.704599059834,15,380.2
Audi,Model E,1.9,63115,Petrol,Manual,24822.650264465177,17,3712.6470588235293
Honda,Model C,3.5,27676,Diesel,Automatic,23300.93663814228,23,1203.304347826087
Honda,Model A,1.3,192782,Diesel,Automatic,21208.44974980448,8,24097.75
Honda,Model C,1.1,191149,Electric,Manual,22259.987674374755,6,31858.166666666668
Audi,Model D,3.0,121332,Diesel,Manual,26149.371033372063,11,11030.181818181818
Ford,Model B,3.4,176512,Petrol,Manual,25653.078618633383,12,14709.333333333334
Audi,Model B,3.8,167995,Petrol,Automatic,17521.355362720617,24,6999.791666666667
BMW,Model E,2.2,29802,Diesel,Manual,30734.868925583025,9,3311.3333333333335
Audi,Model B,1.0,90331,Electric,Automatic,24653.04942589353,4,22582.75
Audi,Model A,2.7,193976,Diesel,Manual,14999.948313633242,18,10776.444444444445
Toyota,Model D,1.1,191234,Petrol,Manual,17700.457962430544,16,11952.125
Toyota,Model C,1.3,124786,Petrol,Manual,23901.824940859657,8,15598.25
Toyota,Model D,2.1,65169,Electric,Manual,28014.714857767805,7,9309.857142857143
Audi,Model B,2.5,68147,Diesel,Manual,21962.337971809284,18,3785.9444444444443
Ford,Model C,2.0,22075,Petrol,Automatic,27050.454763526683,18,1226.388888888889
BMW,Model E,3.0,82015,Petrol,Manual,18883.221254734344,23,3565.8695652173915
BMW,Model D,1.2,9304,Petrol,Automatic,23920.55493637738,23,404.5217391304348
Ford,Model C,1.5,129851,Diesel,Automatic,21909.44474086523,14,9275.07142857143
Ford,Model C,3.4,120729,Diesel,Manual,27347.9672239703,4,30182.25
BMW,Model C,1.5,59622,Electric,Manual,27270.82282975728,9,6624.666666666667
Honda,Model A,3.2,54215,Petrol,Manual,29496.699750732703,22,2464.318181818182
Toyota,Model D,1.2,73973,Petrol,Automatic,28080.18656892695,9,8219.222222222223
Toyota,Model C,2.4,108654,Electric,Automatic,23211.24564162468,12,9054.5
BMW,Model D,1.6,143593,Petrol,Automatic,25453.761364477417,7,20513.285714285714
Ford,Model C,1.4,24028,Electric,Manual,21766.77374092624,17,1413.4117647058824
Honda,Model E,3.0,39328,Electric,Automatic,30290.971647787752,5,7865.6
BMW,Model E,4.2,27301,Petrol,Automatic,31400.338660064568,14,1950.0714285714287
Toyota,Model E,1.2,38015,Diesel,Automatic,22602.55453715815,21,1810.2380952380952
Audi,Model B,2.5,36845,Diesel,Manual,28780.41063784284,15,2456.3333333333335
Ford,Model C,3.5,86818,Diesel,Automatic,32809.467449106734,6,14469.666666666666
Audi,Model B,2.6,76394,Diesel,Automatic,22369.8002250704,23,3321.478260869565
BMW,Model D,3.8,175231,Petrol,Manual,24610.4677458078,5,35046.2
Toyota,Model B,1.6,43714,Electric,Manual,26892.43672970543,11,3974.0
Honda,Model D,4.4,80722,Electric,Manual,32201.26378326245,12,6726.833333333333
Audi,Model D,2.3,25230,Petrol,Automatic,28225.08185321485,15,1682.0
Honda,Model D,2.2,92554,Diesel,Automatic,28636.512064114653,6,15425.666666666666
Toyota,Model B,4.1,49262,Electric,Automatic,28895.35173382063,18,2736.777777777778
Audi,Model C,3.0,41722,Petrol,Manual,25038.93975955444,22,1896.4545454545455
Honda,Model B,2.8,177431,Petrol,Automatic,17298.65543404631,14,12673.642857142857
Honda,Model C,3.5,62796,Diesel,Manual,28669.982285270788,18,3488.6666666666665
Audi,Model C,3.0,171231,Petrol,Manual,18717.384185026425,20,8561.55
Toyota,Model D,1.6,87052,Electric,Automatic,26262.57291497112,11,7913.818181818182
Honda,Model B,3.4,100808,Electric,Automatic,21648.308989591565,14,7200.571428571428
BMW,Model C,1.5,136311,Petrol,Automatic,26006.433808281246,10,13631.1
Audi,Model E,3.8,91951,Electric,Manual,27189.626712454243,10,9195.1
Ford,Model C,4.5,50886,Petrol,Manual,40538.38206406105,5,10177.2
Ford,Model E,2.3,103424,Electric,Automatic,32167.2807744579,6,17237.333333333332
Toyota,Model B,2.6,158267,Diesel,Manual,23136.817961155077,6,26377.833333333332
BMW,Model B,1.2,104697,Electric,Automatic,19299.223372518383,22,4758.954545454545
Honda,Model B,1.0,96299,Diesel,Automatic,19150.62628419968,15,6419.933333333333
Ford,Model C,4.2,165746,Diesel,Automatic,23833.88792825096,13,12749.692307692309
Toyota,Model A,1.5,149177,Petrol,Manual,17307.484798045665,17,8775.117647058823
BMW,Model C,2.6,160811,Diesel,Manual,18555.311346758783,22,7309.590909090909
BMW,Model C,3.9,163041,Electric,Automatic,24797.223580858805,14,11645.785714285714
Toyota,Model D,4.1,14497,Electric,Automatic,28071.968356653106,17,852.7647058823529
Toyota,Model D,2.8,132888,Diesel,Manual,24835.50280680622,13,10222.153846153846
Honda,Model C,3.0,118915,Petrol,Automatic,26146.03174701312,10,11891.5
Toyota,Model E,3.3,92019,Diesel,Manual,19857.94423667752,20,4600.95
Honda,Model D,4.4,190326,Electric,Automatic,21915.635472461978,16,11895.375
Honda,Model C,3.1,109017,Electric,Manual,29070.003706986696,13,8385.923076923076
Audi,Model A,3.0,69385,Diesel,Automatic,23730.18745759413,19,3651.842105263158
BMW,Model E,1.1,105153,Diesel,Manual,21271.276377948187,7,15021.857142857143
BMW,Model B,1.3,33826,Diesel,Automatic,30537.63346549701,7,4832.285714285715
BMW,Model C,3.0,110034,Electric,Manual,25643.27963058028,9,12226.0
Audi,Model C,4.3,194437,Electric,Manual,24307.00786082489,13,14956.692307692309
Honda,Model E,4.0,84242,Electric,Manual,28443.927009183644,13,6480.153846153846
Honda,Model D,4.4,123066,Petrol,Manual,35170.04046427376,5,24613.2
Toyota,Model D,2.8,50100,Electric,Automatic,22252.433351071624,24,2087.5
Audi,Model D,3.8,125170,Electric,Manual,22552.321449320447,16,7823.125
Toyota,Model B,3.9,135431,Petrol,Manual,29590.754791876352,4,33857.75
Audi,Model E,3.3,96205,Petrol,Automatic,24332.19770190073,13,7400.384615384615
Toyota,Model E,2.2,12809,Petrol,Manual,26341.020576671184,17,753.4705882352941
Ford,Model D,2.6,64450,Petrol,Automatic,24517.081465674222,25,2578.0
BMW,Model D,4.0,38428,Petrol,Manual,34075.536078845515,12,3202.3333333333335
BMW,Model A,2.0,72790,Petrol,Manual,30942.88100638817,10,7279.0
Honda,Model A,4.2,111126,Diesel,Manual,32302.20019179345,6,18521.0
Ford,Model C,1.8,90321,Diesel,Manual,25370.1504152862,11,8211.0
BMW,Model C,3.6,2093,Diesel,Manual,24098.76388335786,25,83.72
Honda,Model E,3.2,44498,Diesel,Manual,31714.43557797456,9,4944.222222222223
Ford,Model E,3.6,116251,Electric,Automatic,26126.727438041304,13,8942.384615384615
BMW,Model B,2.5,40985,Petrol,Automatic,30508.00472928432,11,3725.909090909091
Toyota,Model B,4.3,32009,Electric,Manual,31255.0400424142,10,3200.9
Audi,Model A,3.2,128515,Petrol,Manual,26579.61490862016,10,12851.5
Ford,Model C,2.0,17718,Petrol,Automatic,19467.105751971136,24,738.25
Honda,Model A,3.2,16705,Electric,Automatic,33239.97518511037,9,1856.111111111111
Ford,Model A,2.0,87618,Diesel,Manual,24970.603763018407,15,5841.2
Honda,Model C,2.0,62598,Electric,Manual,20127.079816822334,18,3477.6666666666665
Ford,Model B,2.4,77878,Electric,Manual,26726.59549262799,6,12979.666666666666
Honda,Model C,4.0,12239,Petrol,Manual,24796.089958704462,23,532.1304347826087
BMW,Model D,2.8,46622,Petrol,Manual,27413.65008271336,14,3330.1428571428573
Toyota,Model D,3.4,46665,Petrol,Manual,30171.780774339117,6,7777.5
BMW,Model D,2.4,32274,Diesel,Automatic,32443.280444305463,10,3227.4
Toyota,Model E,1.9,142491,Electric,Manual,23047.755963016072,12,11874.25
BMW,Model B,4.3,108368,Electric,Manual,30879.67915946868,10,10836.8
BMW,Model B,3.1,146075,Diesel,Automatic,24718.15422877333,5,29215.0
Ford,Model E,4.3,161938,Electric,Automatic,30089.456171056445,9,17993.11111111111
Audi,Model A,1.7,153060,Electric,Automatic,21046.218880197124,15,10204.0
Honda,Model D,1.5,186966,Petrol,Automatic,19287.00872024147,9,20774.0
Honda,Model D,4.0,108563,Diesel,Manual,27488.3141505904,7,15509.0
Honda,Model A,3.4,136746,Petrol,Automatic,29310.445553862184,4,34186.5
Toyota,Model C,1.7,93103,Diesel,Automatic,16811.987175277452,25,3724.12
Honda,Model C,1.9,66446,Petrol,Manual,24127.84632888608,14,4746.142857142857
Honda,Model B,3.8,29072,Electric,Automatic,30735.536007843533,11,2642.909090909091
Ford,Model E,2.6,33717,Diesel,Automatic,32457.02181468817,8,4214.625
BMW,Model B,3.3,157723,Diesel,Manual,19012.699960941336,12,13143.583333333334
Honda,Model C,2.1,117202,Petrol,Manual,20199.75558066418,25,4688.08
Audi,Model A,2.3,175363,Diesel,Manual,22828.08297743224,13,13489.461538461539
Honda,Model B,4.5,122389,Electric,Manual,29301.92037659096,11,11126.272727272728
Toyota,Model D,1.9,109525,Electric,Manual,20035.57885909501,19,5764.473684210527
Toyota,Model D,2.8,194422,Electric,Manual,24045.001311107168,11,17674.727272727272
Toyota,Model A,4.0,4646,Petrol,Manual,36183.181687812605,6,774.3333333333334
Honda,Model C,1.8,39713,Diesel,Automatic,24557.49103095305,16,2482.0625
Ford,Model D,2.5,67936,Petrol,Automatic,29380.6361357122,12,5661.333333333333
Audi,Model D,3.2,175403,Electric,Manual,23316.64145009985,20,8770.15
Honda,Model E,2.7,22185,Diesel,Automatic,27848.736353178723,12,1848.75
Ford,Model B,2.6,84263,Electric,Manual,31336.44862695357,4,21065.75
Ford,Model C,2.3,52107,Diesel,Automatic,24321.86624424491,14,3721.9285714285716
Honda,Model B,3.1,197626,Diesel,Manual,21321.97936452172,15,13175.066666666668
Honda,Model C,3.2,17563,Petrol,Automatic,32465.487043249,6,2927.1666666666665
Ford,Model D,3.3,70729,Diesel,Manual,34986.64651382352,4,17682.25
Ford,Model E,1.2,15701,Electric,Automatic,29414.711196077504,7,2243.0
Ford,Model B,3.2,179289,Diesel,Manual,17028.507338409574,24,7470.375
Honda,Model D,4.3,175682,Electric,Automatic,32578.13019491117,4,43920.5
Ford,Model C,2.9,181203,Petrol,Automatic,23773.84416177527,6,30200.5
Toyota,Model B,3.5,128331,Electric,Manual,20953.134388211183,25,5133.24
Honda,Model B,2.9,160482,Diesel,Automatic,19008.993116232603,18,8915.666666666666
Toyota,Model D,4.0,99280,Electric,Automatic,30928.59508768628,12,8273.333333333334
BMW,Model B,4.3,189787,Electric,Automatic,25684.160897660648,17,11163.941176470587
Honda,Model E,1.6,38665,Diesel,Automatic,20240.93560425007,24,1611.0416666666667
BMW,Model E,2.5,15957,Electric,Automatic,20813.969200477502,21,759.8571428571429
Ford,Model D,2.4,179199,Diesel,Manual,16963.77587569682,18,9955.5
Ford,Model C,2.4,194661,Petrol,Manual,26432.22264804351,10,19466.1
Audi,Model D,1.4,46008,Electric,Automatic,28815.3716136206,4,11502.0
Ford,Model E,3.8,61920,Petrol,Manual,34546.04230079612,10,6192.0
BMW,Model A,1.1,163947,Electric,Automatic,17790.078019741508,13,12611.307692307691
Ford,Model A,2.8,113828,Electric,Manual,27146.601288212063,6,18971.333333333332
Honda,Model B,3.3,123852,Petrol,Automatic,27965.77515400161,11,11259.272727272728
Ford,Model B,1.7,132698,Electric,Automatic,17083.781990138225,25,5307.92
Audi,Model A,4.2,90815,Electric,Automatic,35063.59836264381,4,22703.75
Ford,Model E,3.9,194894,Petrol,Automatic,18065.121117127102,23,8473.652173913044
BMW,Model B,2.6,164714,Electric,Manual,20533.02019602912,20,8235.7
BMW,Model D,2.4,38311,Diesel,Manual,34307.45018860794,4,9577.75
Ford,Model D,1.8,32356,Electric,Manual,29780.256125996588,12,2696.3333333333335
BMW,Model E,3.6,3809,Electric,Automatic,26262.431889401723,22,173.13636363636363
BMW,Model B,1.5,174443,Electric,Manual,23845.10840555782,8,21805.375
Audi,Model D,3.4,34875,Petrol,Manual,30013.57771506569,11,3170.4545454545455
Honda,Model B,3.9,9465,Diesel,Automatic,30012.547540020983,17,556.7647058823529
Audi,Model B,1.8,197167,Diesel,Automatic,20886.395924753404,8,24645.875
Toyota,Model D,4.0,73844,Electric,Automatic,22311.592178104456,23,3210.608695652174
Audi,Model A,1.1,196322,Petrol,Manual,12412.864779280546,16,12270.125
Ford,Model D,4.2,86889,Petrol,Manual,33502.99808500944,9,9654.333333333334
Honda,Model E,1.4,15250,Diesel,Automatic,22633.00091527371,19,802.6315789473684
Ford,Model C,3.3,46023,Petrol,Manual,29759.370550849813,11,4183.909090909091
Toyota,Model D,1.9,101350,Electric,Automatic,16271.066439802702,25,4054.0
Honda,Model B,3.9,177696,Electric,Manual,22401.890926595406,15,11846.4
BMW,Model B,2.8,16427,Petrol,Automatic,30766.84411921527,9,1825.2222222222222
Audi,Model D,1.5,164348,Electric,Manual,18340.76773888485,21,7826.0952380952385
Ford,Model C,3.0,71643,Diesel,Manual,23236.84170280647,19,3770.684210526316
Toyota,Model D,2.4,134511,Electric,Manual,29503.558295522016,7,19215.85714285714
BMW,Model C,3.3,78672,Petrol,Automatic,30944.942798394204,11,7152.0
Audi,Model C,4.1,17300,Diesel,Automatic,26386.106017011043,23,752.1739130434783
BMW,Model E,2.4,60289,Electric,Automatic,28425.17326959236,11,5480.818181818182
Audi,Model B,2.0,148254,Diesel,Manual,18625.992659194268,21,7059.714285714285
Honda,Model B,1.1,181984,Petrol,Automatic,19284.01440751678,14,12998.857142857143
BMW,Model C,3.0,157981,Electric,Manual,28481.88401544286,6,26330.166666666668
BMW,Model B,2.4,19659,Electric,Automatic,25190.31531302548,21,936.1428571428571
BMW,Model A,2.3,162475,Diesel,Automatic,14567.40380071618,23,7064.130434782609
Honda,Model C,1.6,164658,Electric,Manual,19248.87664902724,17,9685.764705882353
Toyota,Model B,2.5,10360,Electric,Manual,27008.987249084952,17,609.4117647058823
Audi,Model A,4.4,21424,Electric,Automatic,24150.39001597226,19,1127.578947368421
BMW,Model E,2.0,98035,Electric,Automatic,19378.806954119093,24,4084.7916666666665
Honda,Model B,3.1,48791,Petrol,Manual,31292.22989752252,5,9758.2
Toyota,Model A,3.7,134137,Electric,Manual,26276.373846292627,10,13413.7
Audi,Model D,3.6,199867,Diesel,Automatic,20218.692271633387,17,11756.882352941177
Honda,Model D,2.2,12300,Petrol,Manual,25677.70591326012,13,946.1538461538462
Audi,Model A,3.1,33370,Diesel,Automatic,32809.582954226775,7,4767.142857142857
BMW,Model C,4.0,27209,Diesel,Automatic,34506.13511145146,6,4534.833333333333
Toyota,Model C,1.1,20927,Diesel,Automatic,26399.21002822621,9,2325.222222222222
Honda,Model B,2.5,34579,Petrol,Manual,24863.533650036403,20,1728.95
Toyota,Model D,1.8,9032,Petrol,Automatic,20268.0075647344,22,410.54545454545456
BMW,Model C,2.4,93254,Petrol,Automatic,19288.553556780807,25,3730.16
Toyota,Model C,2.5,78413,Electric,Manual,29520.54782700672,8,9801.625
Toyota,Model D,3.6,171803,Diesel,Manual,27220.34731923514,7,24543.285714285714
Ford,Model E,1.3,113528,Petrol,Manual,21501.368415097284,17,6678.117647058823
Toyota,Model C,2.8,184839,Diesel,Automatic,23688.754765104237,13,14218.384615384615
Audi,Model A,3.0,123916,Petrol,Manual,22141.504545928503,18,6884.222222222223
Honda,Model B,2.7,72302,Petrol,Manual,28975.798969017906,13,5561.692307692308
Ford,Model C,3.6,181026,Petrol,Automatic,23978.52966869796,11,16456.909090909092
Honda,Model C,2.3,85757,Diesel,Automatic,22913.228252901445,15,5717.133333333333
Honda,Model E,4.3,156174,Electric,Automatic,24505.79876320584,14,11155.285714285714
BMW,Model A,2.7,165505,Petrol,Automatic,23158.70517974332,12,13792.083333333334
BMW,Model B,3.0,15932,Petrol,Manual,27873.75569634464,22,724.1818181818181
Ford,Model C,3.9,25714,Petrol,Automatic,25517.225709627583,25,1028.56
BMW,Model B,2.0,57803,Electric,Manual,20262.536256793614,22,2627.409090909091
BMW,Model D,1.3,170815,Diesel,Automatic,24947.77009364076,7,24402.14285714286
BMW,Model C,3.5,133624,Diesel,Automatic,20449.16697730669,17,7860.235294117647
Honda,Model C,2.7,56627,Diesel,Manual,24734.23923104735,16,3539.1875
Ford,Model D,4.1,177059,Diesel,Manual,21632.618756453976,22,8048.136363636364
Honda,Model E,4.4,79810,Petrol,Manual,36842.41449307512,6,13301.666666666666
Audi,Model C,2.4,45380,Electric,Automatic,26492.36252844079,17,2669.4117647058824
Honda,Model B,2.5,160322,Petrol,Automatic,22483.67511632766,13,12332.461538461539
Audi,Model A,2.4,199416,Electric,Manual,18747.46965961865,14,14244.0
Toyota,Model B,2.1,64686,Diesel,Manual,26061.84231609852,15,4312.4
Toyota,Model E,3.7,120321,Electric,Automatic,26142.685342021625,14,8594.357142857143
Audi,Model A,3.7,45028,Petrol,Manual,31139.53729197091,8,5628.5
Audi,Model B,2.7,146367,Petrol,Manual,21963.66246325903,14,10454.785714285714
Honda,Model B,1.2,113141,Diesel,Automatic,21508.05800663881,10,11314.1
Audi,Model D,2.1,55248,Petrol,Manual,22464.831228761654,21,2630.8571428571427
Ford,Model E,2.0,10523,Petrol,Automatic,32297.5289460852,6,1753.8333333333333
Toyota,Model D,3.8,45530,Electric,Automatic,33092.26639729553,14,3252.1428571428573
Toyota,Model A,1.3,13769,Petrol,Automatic,29716.75574861876,5,2753.8
Audi,Model D,3.8,194114,Diesel,Manual,21532.746490393023,15,12940.933333333332
BMW,Model E,3.3,112035,Diesel,Manual,26516.61264302641,17,6590.294117647059
BMW,Model C,3.6,175717,Petrol,Manual,29524.328700915783,8,21964.625
Audi,Model C,2.5,193214,Diesel,Manual,16288.721954797327,23,8400.608695652174
Ford,Model A,3.4,156629,Electric,Automatic,26961.423657103594,6,26104.833333333332
BMW,Model C,3.1,79782,Electric,Automatic,28264.86466545809,9,8864.666666666666
Audi,Model D,3.7,78382,Petrol,Manual,25294.76637027943,12,6531.833333333333
Ford,Model A,2.6,168157,Petrol,Manual,13936.613401808594,25,6726.28
Ford,Model E,2.7,181780,Electric,Manual,23514.124847007217,9,20197.777777777777
Honda,Model A,3.3,182429,Diesel,Manual,19616.57826797136,18,10134.944444444445
Ford,Model A,1.4,110939,Petrol,Automatic,19499.865947990053,21,5282.809523809524
BMW,Model B,2.5,144542,Petrol,Manual,18382.494426341666,21,6882.952380952381
BMW,Model B,4.4,78712,Diesel,Automatic,26412.285406725583,17,4630.117647058823
Audi,Model A,1.1,118643,Petrol,Manual,16950.538518690646,23,5158.391304347826
Audi,Model C,2.1,107417,Diesel,Manual,31839.68049094693,7,15345.285714285714
Ford,Model B,2.1,137877,Diesel,Manual,19671.451665206947,17,8110.411764705882
Toyota,Model E,3.2,128256,Diesel,Automatic,29764.97504269076,4,32064.0
Honda,Model D,1.4,193100,Diesel,Manual,22338.85116242536,8,24137.5
Toyota,Model B,3.2,181844,Diesel,Automatic,22664.56321686147,10,18184.4
Ford,Model A,1.3,183176,Electric,Automatic,14986.715073270769,25,7327.04
Ford,Model C,1.3,101422,Diesel,Manual,13870.819777764144,24,4225.916666666667
Toyota,Model D,3.5,89300,Electric,Automatic,27219.545965462763,12,7441.666666666667
Honda,Model B,2.1,6630,Diesel,Automatic,28746.05820498289,12,552.5
Toyota,Model C,4.4,124474,Petrol,Automatic,21878.61549050721,25,4978.96
Audi,Model C,1.1,98869,Electric,Manual,19813.58740002017,10,9886.9
BMW,Model C,2.6,15701,Petrol,Automatic,33120.4297893222,11,1427.3636363636363
Audi,Model A,1.4,145931,Diesel,Automatic,22331.88516990167,11,13266.454545454546
BMW,Model E,2.2,152255,Diesel,Manual,23532.912890998254,14,10875.357142857143
Ford,Model C,4.5,171510,Petrol,Manual,30150.571474927743,10,17151.0
Honda,Model D,4.1,97285,Diesel,Automatic,27354.622443325887,12,8107.083333333333
Toyota,Model B,1.2,117556,Petrol,Automatic,17533.491998554404,11,10686.90909090909
Honda,Model D,3.0,173316,Diesel,Automatic,25626.932150593664,11,15756.0
Toyota,Model A,3.3,15021,Diesel,Automatic,33276.18465965322,7,2145.8571428571427
Audi,Model A,1.7,186637,Electric,Manual,14301.81300825588,18,10368.722222222223
Audi,Model D,1.5,179115,Petrol,Manual,14696.84930608102,24,7463.125
Toyota,Model E,4.2,64361,Diesel,Automatic,29609.06386426452,24,2681.7083333333335
Honda,Model A,4.4,132317,Petrol,Manual,25466.33700972334,16,8269.8125
Toyota,Model A,4.5,172083,Electric,Automatic,22298.082614604635,23,7481.869565217391
Ford,Model D,3.8,10355,Petrol,Manual,32107.244413061064,9,1150.5555555555557
Audi,Model A,3.3,98841,Electric,Manual,20784.434469100896,18,5491.166666666667
Ford,Model E,2.2,179764,Petrol,Automatic,17739.680938645983,22,8171.090909090909
Audi,Model E,1.6,180076,Petrol,Automatic,20788.346343616537,12,15006.333333333334
Audi,Model E,1.3,160786,Electric,Automatic,22629.29433068185,5,32157.2
BMW,Model B,3.4,17198,Diesel,Automatic,32852.53861605079,16,1074.875
Ford,Model E,3.7,66951,Diesel,Manual,19523.472060686192,25,2678.04
Ford,Model E,3.9,132724,Diesel,Manual,19203.73984815596,22,6032.909090909091
BMW,Model B,4.2,174697,Petrol,Automatic,17579.414810494927,25,6987.88
Honda,Model C,4.1,18740,Petrol,Manual,33550.20598535879,9,2082.222222222222
Ford,Model A,4.5,3810,Diesel,Manual,38740.20941505724,9,423.3333333333333
Toyota,Model E,1.9,123743,Petrol,Automatic,19711.245875621524,19,6512.789473684211
BMW,Model A,3.7,147641,Petrol,Automatic,28132.042020800465,6,24606.833333333332
Ford,Model D,3.1,99855,Diesel,Manual,24667.236464418227,11,9077.727272727272
Honda,Model A,1.9,26783,Electric,Automatic,29634.11708368306,13,2060.230769230769
Ford,Model B,4.4,121701,Petrol,Automatic,19941.668233065524,24,5070.875
Audi,Model A,4.1,78047,Petrol,Manual,29748.42741727965,7,11149.57142857143
Toyota,Model A,1.4,9471,Petrol,Manual,26525.93371810565,13,728.5384615384615
BMW,Model A,1.1,110771,Petrol,Automatic,20987.838049310336,15,7384.733333333334
Audi,Model C,3.4,6163,Electric,Manual,34551.564799679385,4,1540.75
Honda,Model C,3.1,194159,Diesel,Automatic,23906.08500591521,11,17650.81818181818
Audi,Model D,4.3,62071,Petrol,Automatic,28430.497446038506,16,3879.4375
Audi,Model B,1.8,16065,Diesel,Manual,27902.28787922317,17,945.0
Honda,Model A,1.3,122323,Petrol,Manual,20494.071224166142,17,7195.470588235294
Audi,Model A,1.9,117969,Electric,Automatic,29984.50868072827,6,19661.5
BMW,Model A,1.1,83456,Diesel,Automatic,16142.742148245025,25,3338.24
Ford,Model A,1.1,179420,Electric,Automatic,21916.94204881119,9,19935.555555555555
Audi,Model C,4.2,19154,Petrol,Manual,28368.67755637264,14,1368.142857142857
BMW,Model D,2.2,105703,Electric,Automatic,28398.167386151785,16,6606.4375
Ford,Model E,2.4,20229,Electric,Manual,26376.443066942516,21,963.2857142857143
Ford,Model B,1.1,52587,Petrol,Automatic,26478.03555555456,8,6573.375
Audi,Model A,1.9,49713,Petrol,Manual,26796.099578734294,11,4519.363636363636
BMW,Model D,3.8,158069,Diesel,Automatic,20702.503852725466,20,7903.45
Audi,Model E,3.2,21101,Petrol,Manual,31025.02324620335,19,1110.578947368421
Honda,Model D,3.6,40391,Diesel,Automatic,33977.54900068243,9,4487.888888888889
Ford,Model C,2.6,72723,Electric,Automatic,22177.2133952293,20,3636.15
Audi,Model E,2.1,190477,Electric,Automatic,14698.519963751436,18,10582.055555555555
Ford,Model D,2.7,166020,Diesel,Automatic,23991.209271015832,14,11858.57142857143
BMW,Model C,2.1,100264,Petrol,Manual,29863.897852627248,5,20052.8
Toyota,Model D,3.9,184103,Petrol,Manual,25507.5913945012,12,15341.916666666666
Audi,Model D,2.0,37921,Electric,Manual,26436.4611292362,14,2708.6428571428573
Audi,Model E,3.3,28460,Diesel,Manual,28077.76510217848,16,1778.75
Ford,Model C,1.5,152143,Electric,Manual,28263.29702295948,4,38035.75
BMW,Model A,3.4,197190,Electric,Automatic,28997.038478608956,6,32865.0
Honda,Model B,4.2,179354,Petrol,Manual,26712.54975128324,11,16304.90909090909
BMW,Model E,3.1,91725,Diesel,Manual,25553.431729679814,19,4827.631578947368
Audi,Model C,3.0,58445,Electric,Manual,26549.946328341422,17,3437.9411764705883
Honda,Model D,4.4,82208,Petrol,Manual,25449.62845506619,16,5138.0
BMW,Model C,3.2,185888,Electric,Automatic,18646.114487980707,16,11618.0
Toyota,Model B,1.9,106283,Electric,Automatic,27278.21380609888,10,10628.3
Ford,Model B,2.0,85779,Petrol,Automatic,24258.46069562238,19,4514.684210526316
BMW,Model A,3.5,3060,Petrol,Automatic,29955.25401661924,21,145.71428571428572
BMW,Model A,3.6,125806,Diesel,Manual,21601.804620174065,23,5469.826086956522
Toyota,Model B,2.1,13731,Electric,Manual,33196.04791259053,8,1716.375
Audi,Model E,2.2,77830,Diesel,Automatic,24392.22541100154,15,5188.666666666667
Ford,Model E,4.5,115871,Petrol,Automatic,30449.230673076603,11,10533.727272727272
BMW,Model D,1.4,20719,Petrol,Manual,30354.68526375977,5,4143.8
Honda,Model A,2.4,178114,Electric,Manual,22280.728733700234,6,29685.666666666668
BMW,Model D,1.2,49116,Diesel,Automatic,22673.343944994536,21,2338.8571428571427
Ford,Model A,3.9,26325,Diesel,Automatic,33533.998809322286,14,1880.357142857143
BMW,Model B,1.3,153669,Electric,Automatic,20364.467560833436,22,6984.954545454545
Toyota,Model E,3.4,198511,Electric,Automatic,23402.50800279199,11,18046.454545454544
BMW,Model E,1.2,14551,Diesel,Manual,22576.83036324354,17,855.9411764705883
BMW,Model B,3.4,93287,Petrol,Manual,23478.768525342373,19,4909.8421052631575
Honda,Model D,4.0,24278,Petrol,Manual,30014.31722894964,16,1517.375
Toyota,Model D,2.4,15141,Electric,Automatic,29339.945613255823,13,1164.6923076923076
Toyota,Model C,2.8,67913,Diesel,Manual,25646.102513476864,18,3772.9444444444443
BMW,Model A,2.4,33615,Diesel,Manual,28345.188584793337,14,2401.0714285714284
Honda,Model D,2.1,122058,Diesel,Automatic,29151.26451693051,4,30514.5
BMW,Model B,3.8,193823,Petrol,Automatic,26303.696095385163,7,27689.0
BMW,Model D,2.0,112684,Petrol,Automatic,12915.208194446448,25,4507.36
Ford,Model E,3.5,27452,Diesel,Automatic,32581.667657386897,10,2745.2
Ford,Model A,1.7,153797,Diesel,Automatic,25383.611522614377,4,38449.25
Honda,Model C,1.9,50391,Electric,Automatic,29380.983727641866,9,5599.0
Audi,Model A,2.2,120288,Electric,Manual,25162.63558884495,8,15036.0
Ford,Model E,3.1,113535,Diesel,Manual,24970.301448952778,15,7569.0
Audi,Model E,2.6,142770,Diesel,Manual,26673.984375057767,8,17846.25
Toyota,Model E,3.6,86711,Petrol,Manual,24544.365596538628,19,4563.736842105263
Ford,Model E,1.7,77850,Diesel,Manual,28359.241204460563,8,9731.25
Ford,Model B,1.0,109733,Electric,Manual,19153.59986492969,18,6096.277777777777
Honda,Model C,3.7,2365,Petrol,Automatic,29095.0676646302,20,118.25
Audi,Model E,3.9,97662,Electric,Automatic,19071.482401886,19,5140.105263157895
Ford,Model E,1.2,43372,Electric,Automatic,27443.625430348955,4,10843.0
Ford,Model D,3.1,44134,Petrol,Manual,25210.9683686807,16,2758.375
Honda,Model C,2.3,37823,Electric,Manual,27141.514435799338,15,2521.5333333333333
Honda,Model A,3.8,71158,Diesel,Automatic,31585.430466593,13,5473.692307692308
Audi,Model C,4.1,96076,Electric,Automatic,26159.369790567744,17,5651.529411764706
Toyota,Model C,4.0,133021,Petrol,Automatic,25045.546358609736,19,7001.105263157895
Toyota,Model C,3.7,49396,Petrol,Automatic,29226.70531265174,17,2905.6470588235293
BMW,Model E,1.9,108336,Petrol,Automatic,23662.98684694064,13,8333.538461538461
Ford,Model E,3.8,31912,Electric,Manual,27152.35340166336,23,1387.4782608695652
Audi,Model B,2.9,56947,Diesel,Manual,23444.53743766368,23,2475.9565217391305
Ford,Model A,1.2,44387,Petrol,Manual,18896.089006414448,25,1775.48
Audi,Model D,2.6,195037,Diesel,Automatic,25230.31069933307,5,39007.4
Audi,Model C,4.3,16508,Petrol,Manual,39167.862819603455,6,2751.3333333333335
Audi,Model A,4.1,45592,Diesel,Automatic,26365.897946951394,24,1899.6666666666667
Ford,Model A,1.4,109249,Diesel,Manual,17773.492240077318,23,4749.95652173913
Honda,Model B,3.6,1919,Diesel,Automatic,31349.14883766104,11,174.45454545454547
Ford,Model D,3.8,42595,Petrol,Automatic,29802.00029852922,20,2129.75
Audi,Model C,1.9,140689,Electric,Manual,18951.45293800211,13,10822.23076923077
BMW,Model D,2.7,33298,Electric,Manual,29322.973838803795,5,6659.6
Toyota,Model B,3.5,138001,Electric,Manual,19842.87137663502,25,5520.04
Audi,Model E,2.5,14456,Diesel,Manual,31015.679617770555,6,2409.3333333333335
BMW,Model A,1.4,109599,Petrol,Manual,27498.248005694888,7,15657.0
Honda,Model C,3.5,86676,Diesel,Automatic,18298.788749268035,25,3467.04
Audi,Model E,4.2,83721,Petrol,Manual,35137.56294502124,5,16744.2
BMW,Model B,3.3,37924,Diesel,Manual,35845.763869475806,4,9481.0
Audi,Model D,3.7,24240,Petrol,Automatic,25924.031928215813,24,1010.0
Ford,Model A,2.3,87381,Petrol,Manual,22031.806714839386,11,7943.727272727273
BMW,Model C,1.6,9228,Petrol,Automatic,24791.99375936146,12,769.0
Ford,Model E,3.2,21686,Diesel,Manual,33795.57055544985,7,3098.0
Ford,Model E,2.1,11920,Electric,Manual,27138.415999229102,15,794.6666666666666
BMW,Model A,4.0,7432,Diesel,Automatic,35083.06056980601,11,675.6363636363636
Toyota,Model D,1.4,194647,Diesel,Manual,14431.217416537524,20,9732.35
BMW,Model B,2.5,110507,Petrol,Manual,27664.28873549533,6,18417.833333333332
Toyota,Model D,2.4,130509,Petrol,Manual,16421.914853082533,17,7677.0
Audi,Model D,4.3,71725,Electric,Manual,27658.61462354524,21,3415.4761904761904
Audi,Model D,1.5,164982,Electric,Automatic,21952.607630482187,6,27497.0
BMW,Model A,1.0,121764,Petrol,Automatic,14615.388152561552,24,5073.5
Audi,Model A,1.8,161298,Electric,Manual,14895.541913781695,20,8064.9
Honda,Model B,3.9,59099,Electric,Manual,29264.227872099305,8,7387.375
Ford,Model D,1.7,112557,Petrol,Automatic,28716.42565633024,7,16079.57142857143
Ford,Model A,1.8,86760,Diesel,Automatic,23852.975389909778,17,5103.529411764706
Toyota,Model B,1.5,18013,Electric,Manual,32723.341150708264,5,3602.6
Audi,Model B,3.5,21446,Petrol,Automatic,26994.678763801265,20,1072.3
Toyota,Model D,1.2,105209,Electric,Automatic,19163.70510806841,12,8767.416666666666
Ford,Model C,2.2,193581,Electric,Automatic,23925.03951167561,13,14890.846153846154
Ford,Model D,2.0,102261,Petrol,Automatic,23731.53326252679,15,6817.4
Audi,Model C,2.9,95739,Electric,Manual,25786.62840015399,14,6838.5
Honda,Model B,3.6,557,Electric,Automatic,34453.88395540584,7,79.57142857142857
Honda,Model A,2.9,161738,Electric,Manual,21623.98749412477,7,23105.428571428572
Audi,Model E,4.3,168461,Diesel,Manual,31460.067464553445,5,33692.2
Audi,Model B,4.3,178772,Diesel,Automatic,25545.99298619549,7,25538.85714285714
Toyota,Model A,2.3,130878,Electric,Manual,24149.23832572451,13,10067.538461538461
Audi,Model B,3.7,99143,Petrol,Manual,29484.517922247127,12,8261.916666666666
Honda,Model D,3.6,24578,Electric,Automatic,34139.415243746305,8,3072.25
Audi,Model C,4.1,74779,Electric,Automatic,29900.99708066377,14,5341.357142857143
Toyota,Model B,2.6,140668,Diesel,Automatic,21358.839503796597,22,6394.0
Toyota,Model A,2.9,57500,Diesel,Manual,24840.169176334057,16,3593.75
Toyota,Model D,2.5,72534,Diesel,Manual,28702.305180087013,9,8059.333333333333
Toyota,Model E,4.0,10129,Electric,Manual,27543.33919064033,22,460.40909090909093
BMW,Model D,1.8,194466,Electric,Manual,14697.569904355794,14,13890.42857142857
Audi,Model C,1.8,197118,Petrol,Automatic,19316.766659734018,13,15162.923076923076
Ford,Model D,2.3,11596,Electric,Manual,27022.70119304937,22,527.0909090909091
Audi,Model E,1.8,65355,Electric,Automatic,26584.91831735439,16,4084.6875
BMW,Model A,3.0,12974,Diesel,Automatic,29066.254418591463,23,564.0869565217391
Toyota,Model B,1.5,197745,Diesel,Automatic,15565.311750821516,11,17976.81818181818
BMW,Model C,2.1,112004,Diesel,Automatic,21357.055395762483,24,4666.833333333333
Honda,Model E,4.2,126794,Diesel,Manual,29429.97952872076,9,14088.222222222223
Honda,Model C,2.4,70202,Diesel,Automatic,25991.02501473992,20,3510.1
Audi,Model D,3.6,74442,Petrol,Manual,25188.33518160915,18,4135.666666666667
Audi,Model C,1.4,152890,Petrol,Automatic,14093.89904241023,23,6647.391304347826
Ford,Model E,1.9,174318,Petrol,Automatic,20153.554847546213,8,21789.75
Ford,Model B,3.8,55598,Diesel,Automatic,35872.05513281232,4,13899.5
Honda,Model B,3.7,133726,Diesel,Manual,20742.6521410635,25,5349.04
Toyota,Model C,2.4,33758,Diesel,Automatic,27378.08087553935,10,3375.8
BMW,Model A,4.3,24204,Petrol,Automatic,25061.526465974,19,1273.8947368421052
Ford,Model C,4.2,127309,Diesel,Automatic,22865.04046864679,23,5535.173913043478
Ford,Model D,4.4,166000,Petrol,Automatic,22058.340733889465,22,7545.454545454545
Toyota,Model B,2.5,184681,Diesel,Manual,16792.04697654847,17,10863.588235294117
Toyota,Model B,1.7,30552,Electric,Manual,20496.74317325808,21,1454.857142857143
Audi,Model B,3.2,141408,Petrol,Automatic,28641.33635829249,7,20201.14285714286
BMW,Model A,3.4,47037,Electric,Automatic,34160.93739664977,11,4276.090909090909
Toyota,Model A,1.4,147278,Petrol,Manual,16946.119602183866,18,8182.111111111111
Ford,Model E,3.8,34831,Diesel,Manual,25599.17213455413,20,1741.55
Ford,Model C,1.1,43563,Diesel,Manual,28119.56692750116,8,5445.375
Honda,Model C,2.7,18361,Electric,Automatic,33752.45612969614,7,2623.0
Toyota,Model D,2.2,41335,Diesel,Manual,27604.669808215174,11,3757.7272727272725
Audi,Model B,3.6,74469,Petrol,Automatic,29526.732166983908,19,3919.4210526315787
BMW,Model A,2.1,25816,Diesel,Manual,28212.57024428336,16,1613.5
Audi,Model D,3.9,146691,Diesel,Manual,21202.90858793667,20,7334.55
Ford,Model D,3.1,92479,Petrol,Automatic,23891.08405544359,12,7706.583333333333
Audi,Model A,3.8,26819,Electric,Manual,35897.89357562975,9,2979.8888888888887
Ford,Model C,4.5,142813,Electric,Automatic,27243.212472430143,17,8400.764705882353
Ford,Model B,3.4,122330,Diesel,Manual,28077.994260076463,7,17475.714285714286
Ford,Model C,4.4,8798,Petrol,Automatic,30061.25091522509,21,418.95238095238096
Ford,Model D,1.1,156215,Electric,Manual,16088.310205034984,19,8221.842105263158
Ford,Model B,2.2,49695,Electric,Manual,30956.447762217937,7,7099.285714285715
Honda,Model E,1.4,163819,Diesel,Automatic,21059.150937736635,6,27303.166666666668
Audi,Model D,1.9,129544,Petrol,Automatic,16987.761759846308,19,6818.105263157895
Honda,Model C,3.9,152254,Electric,Automatic,21309.027465521045,24,6343.916666666667
Honda,Model C,1.1,9415,Diesel,Automatic,30104.4796870192,10,941.5
Toyota,Model C,2.8,142157,Diesel,Manual,22510.56594875679,13,10935.153846153846
Toyota,Model A,3.0,146080,Diesel,Manual,19697.757848077952,18,8115.555555555556
Toyota,Model D,3.0,87638,Diesel,Manual,25413.232904289394,20,4381.9
BMW,Model B,2.7,18452,Electric,Manual,24546.87496136964,20,922.6
Toyota,Model C,3.8,195147,Petrol,Manual,20953.472511971533,17,11479.235294117647
Audi,Model C,1.5,139192,Diesel,Manual,16397.570043254695,22,6326.909090909091
Honda,Model A,2.1,195457,Diesel,Automatic,15493.338109296164,15,13030.466666666667
Audi,Model B,3.2,110205,Electric,Manual,22273.978534157337,21,5247.857142857143
Toyota,Model D,3.4,18170,Diesel,Manual,33080.31390680832,9,2018.888888888889
BMW,Model E,2.4,16259,Diesel,Automatic,33207.43255620322,6,2709.8333333333335
BMW,Model A,4.1,22099,Petrol,Manual,29411.51173930657,19,1163.1052631578948
Honda,Model D,2.5,140721,Diesel,Manual,28235.324818826743,11,12792.818181818182
Audi,Model E,2.4,129394,Electric,Manual,26653.65646264646,11,11763.09090909091
Ford,Model C,1.1,59258,Petrol,Automatic,24814.7180009096,12,4938.166666666667
Audi,Model C,2.9,172109,Electric,Automatic,22455.02816769908,13,13239.153846153846
Toyota,Model B,3.5,11805,Petrol,Manual,33936.98841550158,15,787.0
Ford,Model E,1.4,43147,Petrol,Automatic,27368.825572010493,13,3319.0
BMW,Model C,2.1,74280,Diesel,Manual,27527.994279011105,4,18570.0
Honda,Model C,3.7,177125,Diesel,Manual,23441.646445614195,17,10419.117647058823
Honda,Model B,2.3,106777,Diesel,Manual,25246.752164119887,16,6673.5625
BMW,Model D,1.8,97841,Electric,Automatic,22443.38415155157,22,4447.318181818182
Toyota,Model C,3.4,124726,Diesel,Manual,26760.716636785022,9,13858.444444444445
BMW,Model A,1.7,128359,Diesel,Manual,21533.149009062065,12,10696.583333333334
Toyota,Model A,4.1,76215,Petrol,Manual,30005.61995710534,8,9526.875
Ford,Model D,1.4,112909,Diesel,Manual,21770.804928672267,15,7527.266666666666
BMW,Model E,3.5,95365,Diesel,Manual,30197.4851649114,10,9536.5
Toyota,Model B,2.7,10985,Diesel,Automatic,22824.09162664499,25,439.4
Ford,Model A,4.0,12391,Diesel,Manual,29096.81940466168,19,652.1578947368421
BMW,Model A,1.4,4861,Petrol,Automatic,21949.514408761872,16,303.8125
Honda,Model D,3.4,194654,Diesel,Manual,23086.1981008053,17,11450.235294117647
BMW,Model E,3.0,183000,Petrol,Automatic,13720.047256999806,23,7956.521739130435
Audi,Model E,2.7,34364,Electric,Manual,33931.35950438561,4,8591.0
BMW,Model D,2.7,82399,Diesel,Manual,27256.55966674469,12,6866.583333333333
Audi,Model A,3.5,42923,Diesel,Automatic,30945.465937063196,11,3902.090909090909
Ford,Model B,4.3,138991,Diesel,Automatic,21288.04375667938,24,5791.291666666667
BMW,Model A,1.3,186968,Petrol,Manual,16728.03764855433,12,15580.666666666666
Ford,Model E,1.1,85818,Diesel,Automatic,23752.96959161101,10,8581.8
Ford,Model A,3.8,178468,Diesel,Automatic,22614.501304504334,19,9393.052631578947
Toyota,Model B,1.4,165912,Electric,Manual,17534.71100087327,22,7541.454545454545
Ford,Model C,4.5,173327,Petrol,Manual,26991.84812285012,8,21665.875
Ford,Model A,3.2,71160,Petrol,Manual,20721.16093904617,21,3388.5714285714284
BMW,Model D,3.3,128165,Electric,Manual,20134.402297405908,20,6408.25
BMW,Model C,1.7,139248,Petrol,Manual,22142.99418970576,19,7328.8421052631575
Honda,Model D,1.8,33529,Diesel,Automatic,26485.26102002555,11,3048.090909090909
Toyota,Model D,3.3,187478,Diesel,Manual,16031.69265948044,25,7499.12
Ford,Model D,4.2,144013,Electric,Automatic,24531.174724039647,22,6546.045454545455
Toyota,Model A,4.4,1669,Petrol,Manual,26662.757989325783,25,66.76
Audi,Model E,1.7,117373,Petrol,Manual,21200.279220704644,15,7824.866666666667
Ford,Model C,1.5,44859,Petrol,Automatic,29846.04658151262,8,5607.375
Toyota,Model B,1.2,55786,Electric,Manual,28534.31373505901,12,4648.833333333333
Honda,Model E,4.0,182155,Diesel,Automatic,27101.146270610043,4,45538.75
Honda,Model A,2.0,171148,Electric,Automatic,22226.790488242365,15,11409.866666666667
Ford,Model D,1.0,20323,Diesel,Automatic,23920.792580271354,16,1270.1875
Audi,Model B,1.8,6021,Electric,Manual,28527.09258907013,9,669.0
Honda,Model C,2.2,39807,Diesel,Manual,23408.76286061512,22,1809.409090909091
Honda,Model E,4.5,128305,Petrol,Manual,26269.613884462808,11,11664.09090909091
Audi,Model E,2.8,50355,Petrol,Manual,30526.27286292576,10,5035.5
Toyota,Model B,1.7,113415,Petrol,Manual,33028.54602226908,5,22683.0
Honda,Model A,2.2,175804,Electric,Manual,22821.001630507388,13,13523.384615384615
BMW,Model C,2.2,8711,Electric,Automatic,26754.65072441976,17,512.4117647058823
Honda,Model B,1.1,194151,Electric,Manual,18596.853815348863,15,12943.4
Toyota,Model D,1.5,7904,Petrol,Manual,24741.756542765477,15,526.9333333333333
Toyota,Model C,3.4,64033,Diesel,Manual,23571.00072799566,20,3201.65
Ford,Model E,1.4,86478,Petrol,Manual,17321.77044957747,25,3459.12
BMW,Model B,1.8,120035,Petrol,Automatic,27273.812399699676,4,30008.75
Toyota,Model E,2.2,186168,Diesel,Automatic,14004.994361580464,20,9308.4
Audi,Model E,3.7,3093,Diesel,Automatic,31632.395015779137,13,237.92307692307693
BMW,Model E,3.0,24918,Diesel,Automatic,33964.92256602789,4,6229.5
BMW,Model A,3.4,193708,Diesel,Automatic,29698.544695677265,4,48427.0
Audi,Model E,3.0,189878,Petrol,Manual,14919.408967330335,21,9041.809523809523
Honda,Model D,3.4,140466,Electric,Automatic,23004.602918828856,11,12769.636363636364
Audi,Model D,1.0,124501,Petrol,Automatic,23626.367885209133,8,15562.625
Audi,Model C,4.3,92510,Diesel,Manual,34776.253205454785,6,15418.333333333334
Honda,Model E,1.4,93708,Electric,Manual,24717.78602808103,12,7809.0
Honda,Model E,2.4,97819,Electric,Automatic,26514.403786845945,11,8892.636363636364
Honda,Model B,3.7,144352,Petrol,Manual,20605.18393999694,21,6873.9047619047615
Honda,Model A,2.5,36303,Petrol,Manual,25037.059858589662,22,1650.1363636363637
Honda,Model C,4.3,27453,Petrol,Automatic,28381.128439633416,24,1143.875
Audi,Model E,2.6,108886,Electric,Manual,21241.078267630648,19,5730.8421052631575
Ford,Model B,4.1,60695,Electric,Automatic,26768.00097962714,16,3793.4375
Ford,Model A,3.8,199521,Electric,Automatic,22239.70580929438,10,19952.1
Toyota,Model C,4.4,156837,Diesel,Manual,26215.61855609533,16,9802.3125
Ford,Model C,4.2,133412,Diesel,Automatic,26140.85335780489,8,16676.5
Ford,Model E,4.1,38057,Petrol,Automatic,36651.26835059423,9,4228.555555555556
Audi,Model C,3.6,131669,Electric,Manual,28704.298613010797,5,26333.8
Honda,Model B,2.3,189060,Petrol,Manual,20766.06386060848,13,14543.076923076924
Honda,Model C,1.4,94655,Electric,Manual,18470.670115954184,25,3786.2
Audi,Model D,3.4,15025,Petrol,Manual,23681.37856994183,25,601.0
Ford,Model B,4.4,7145,Diesel,Automatic,33522.95431468951,11,649.5454545454545
Audi,Model A,3.5,101206,Electric,Manual,21203.640003891152,25,4048.24
Toyota,Model A,4.3,186869,Diesel,Manual,19049.108361568786,20,9343.45
Honda,Model E,3.8,41723,Electric,Automatic,28378.56647333485,13,3209.4615384615386
BMW,Model E,1.6,73230,Petrol,Automatic,16582.93551064051,25,2929.2
Toyota,Model D,1.9,135902,Electric,Automatic,20423.192572180425,21,6471.523809523809
Toyota,Model A,2.2,155002,Diesel,Automatic,20445.74969343067,17,9117.764705882353
Audi,Model A,1.6,154824,Electric,Manual,20872.465882247303,9,17202.666666666668
Ford,Model A,3.0,108138,Petrol,Manual,28838.61891246819,10,10813.8
Honda,Model A,4.4,62040,Electric,Automatic,26722.489506334237,18,3446.6666666666665
BMW,Model C,3.7,108668,Diesel,Automatic,25065.775596685184,9,12074.222222222223
Toyota,Model B,2.5,198768,Petrol,Automatic,22455.217982320704,11,18069.81818181818
BMW,Model B,1.0,195720,Diesel,Automatic,14506.461903619813,25,7828.8
Ford,Model D,2.1,55030,Electric,Manual,27064.579343038036,14,3930.714285714286
Ford,Model C,2.8,56815,Diesel,Automatic,19984.57609712983,21,2705.4761904761904
BMW,Model A,2.1,112789,Electric,Manual,20013.43919955849,20,5639.45
Honda,Model A,1.4,166762,Petrol,Automatic,12912.744000494074,25,6670.48
Ford,Model E,2.5,57923,Diesel,Manual,21860.274325287784,25,2316.92
BMW,Model E,1.9,167644,Diesel,Manual,17223.26144626241,16,10477.75
Toyota,Model D,4.2,185102,Electric,Manual,21977.94549981292,16,11568.875
BMW,Model A,1.4,67904,Diesel,Manual,16564.634033954575,23,2952.3478260869565
BMW,Model D,1.2,160275,Diesel,Automatic,21829.79156488277,9,17808.333333333332
Audi,Model C,1.0,77088,Petrol,Manual,23379.808161454923,7,11012.57142857143
Ford,Model B,2.1,5608,Electric,Automatic,28794.44897144587,15,373.8666666666667
Honda,Model A,3.3,45667,Electric,Manual,30315.555621993903,8,5708.375
Honda,Model C,3.6,55547,Petrol,Manual,17639.82091740691,24,2314.4583333333335
Audi,Model A,2.6,153557,Petrol,Automatic,22109.666286198262,17,9032.764705882353
Honda,Model E,3.4,140934,Electric,Automatic,27741.3800384248,9,15659.333333333334
BMW,Model D,2.3,128391,Petrol,Manual,26386.3340955414,12,10699.25
Audi,Model E,3.3,75948,Petrol,Manual,19122.362985660187,22,3452.181818181818
Toyota,Model B,1.1,71880,Petrol,Automatic,24296.900920327236,9,7986.666666666667
Ford,Model E,2.4,57560,Electric,Manual,29185.18592112373,9,6395.555555555556
Ford,Model A,3.8,115063,Petrol,Automatic,27490.26178607263,14,8218.785714285714
Ford,Model E,3.8,94218,Diesel,Automatic,28463.332124521134,6,15703.0
BMW,Model A,3.5,114462,Diesel,Automatic,29639.81991545443,8,14307.75
Toyota,Model B,1.7,159487,Electric,Manual,14282.096182781224,23,6934.217391304348
Audi,Model E,1.9,195595,Petrol,Manual,14310.09267302652,15,13039.666666666666
Audi,Model D,4.5,150395,Diesel,Automatic,27478.88802589669,8,18799.375
Ford,Model D,1.4,184286,Electric,Automatic,15114.454273227717,22,8376.636363636364
Toyota,Model D,1.6,17997,Diesel,Automatic,25673.5538552674,9,1999.6666666666667
Toyota,Model E,1.5,121266,Petrol,Automatic,25710.80367921752,8,15158.25
Toyota,Model E,2.1,188075,Electric,Manual,16363.006004803525,21,8955.952380952382
Honda,Model E,1.7,3679,Diesel,Automatic,28208.33184570986,12,306.5833333333333
Honda,Model A,2.7,40308,Electric,Manual,23614.2049800315,16,2519.25
Ford,Model B,2.7,170914,Diesel,Automatic,19744.4023531317,11,15537.636363636364
Toyota,Model D,4.2,196480,Diesel,Manual,16779.03670973529,25,7859.2
Toyota,Model A,1.1,185010,Petrol,Manual,17199.61995623003,10,18501.0
Audi,Model D,2.1,5695,Petrol,Manual,27247.73278901873,15,379.6666666666667
Audi,Model A,3.1,58499,Diesel,Manual,33587.414314696594,6,9749.833333333334
Ford,Model E,3.1,23382,Electric,Manual,25984.857565168146,20,1169.1
Toyota,Model D,2.7,14235,Electric,Automatic,33587.36012453767,4,3558.75
Ford,Model E,3.9,193295,Petrol,Automatic,24035.944448670376,10,19329.5
Audi,Model D,1.2,133438,Diesel,Manual,17254.90386193008,24,5559.916666666667
Audi,Model C,3.9,158539,Petrol,Automatic,21459.78977497134,25,6341.56
Honda,Model A,2.7,190388,Diesel,Automatic,19724.467424347014,17,11199.29411764706
Ford,Model C,1.5,112468,Diesel,Automatic,27149.783034796783,4,28117.0
Ford,Model A,4.1,6764,Petrol,Automatic,32820.925229711924,14,483.14285714285717
Toyota,Model B,3.3,113831,Electric,Automatic,30764.35380450617,9,12647.888888888889
Toyota,Model D,1.6,61836,Petrol,Automatic,27060.70552017444,11,5621.454545454545
Honda,Model B,1.1,31923,Diesel,Automatic,31648.72781951309,7,4560.428571428572
BMW,Model B,1.5,95711,Petrol,Manual,26876.28029602585,4,23927.75
BMW,Model A,3.1,16292,Electric,Automatic,26214.261960597112,16,1018.25
BMW,Model C,1.6,124913,Electric,Automatic,20116.23103206856,14,8922.357142857143
Ford,Model E,1.8,132686,Diesel,Automatic,21340.10613849594,12,11057.166666666666
Ford,Model A,1.1,20939,Petrol,Manual,27362.10585547259,17,1231.7058823529412
Audi,Model E,3.5,18800,Electric,Manual,32532.827489072028,13,1446.1538461538462
Ford,Model B,3.8,56440,Petrol,Automatic,23503.08695136477,23,2453.913043478261
Ford,Model E,3.8,154318,Electric,Manual,30500.922353865397,5,30863.6
Ford,Model C,1.4,127521,Diesel,Manual,21664.78777781604,12,10626.75
Honda,Model A,4.2,183877,Diesel,Automatic,31475.253384153933,5,36775.4
Ford,Model C,3.4,121327,Petrol,Manual,23566.24751062191,16,7582.9375
Toyota,Model C,4.1,49648,Diesel,Automatic,29139.821485842825,10,4964.8
Toyota,Model A,2.6,115192,Electric,Manual,21066.897866998635,19,6062.736842105263
Audi,Model C,2.5,187923,Diesel,Automatic,15437.541335845408,22,8541.954545454546
Honda,Model D,3.7,162760,Electric,Manual,25075.546704103363,6,27126.666666666668
Toyota,Model D,1.3,93498,Electric,Automatic,23096.923514556613,15,6233.2
Honda,Model D,2.8,29764,Diesel,Automatic,33461.2376606341,10,2976.4
Honda,Model E,3.9,32470,Electric,Manual,32431.531352554262,6,5411.666666666667
Audi,Model C,3.9,169573,Electric,Automatic,21766.770785844343,22,7707.863636363636
Honda,Model A,4.3,57207,Petrol,Automatic,34026.38834535573,4,14301.75
Ford,Model A,3.4,62157,Petrol,Manual,33142.712886753456,4,15539.25
Honda,Model E,1.7,134288,Petrol,Automatic,23426.05555120308,9,14920.888888888889
Audi,Model A,1.1,153144,Diesel,Automatic,19493.37826986215,13,11780.307692307691
Audi,Model D,2.7,93778,Petrol,Manual,25657.26534399011,15,6251.866666666667
Audi,Model C,2.8,130016,Electric,Automatic,17050.834719104532,23,5652.869565217391
Toyota,Model A,1.8,124288,Diesel,Manual,22972.200218212456,17,7311.058823529412
Ford,Model A,1.4,168204,Diesel,Automatic,16896.885513433524,20,8410.2
Toyota,Model B,3.1,110573,Diesel,Manual,31842.51555267945,4,27643.25
BMW,Model B,3.7,120730,Diesel,Manual,28803.36809414977,5,24146.0
Ford,Model B,4.5,148933,Electric,Automatic,23323.802277925504,15,9928.866666666667
Honda,Model C,3.7,64186,Electric,Manual,33056.12686374881,10,6418.6
Audi,Model D,3.8,4960,Petrol,Automatic,33036.5015082724,7,708.5714285714286
BMW,Model D,3.2,18781,Diesel,Automatic,26759.560482450885,21,894.3333333333334
Ford,Model D,4.5,31126,Petrol,Manual,34981.69166337588,12,2593.8333333333335
Toyota,Model C,3.2,153650,Electric,Automatic,25463.89606179028,9,17072.222222222223
Audi,Model C,4.0,106034,Diesel,Automatic,25038.454126059263,23,4610.173913043478
Toyota,Model B,4.3,17883,Electric,Manual,27662.73339241233,22,812.8636363636364
Ford,Model A,4.3,29782,Petrol,Automatic,31056.06400243794,10,2978.2
Ford,Model E,2.3,56387,Electric,Automatic,29028.99508221764,10,5638.7
BMW,Model E,1.3,148051,Diesel,Manual,24594.04206742891,5,29610.2
Honda,Model A,1.6,33746,Diesel,Automatic,27388.65248761482,22,1533.909090909091
Toyota,Model B,1.2,66266,Petrol,Automatic,25196.48226777396,7,9466.57142857143
BMW,Model A,1.4,56,Diesel,Manual,29293.5057893413,9,6.222222222222222
Audi,Model A,1.6,31457,Electric,Automatic,25165.41875963256,13,2419.769230769231
Honda,Model E,2.2,133315,Electric,Automatic,26949.280836856407,4,33328.75
BMW,Model B,2.9,186103,Electric,Manual,15129.245135187266,25,7444.12
Toyota,Model C,3.5,132773,Electric,Automatic,23116.750355878983,14,9483.785714285714
Ford,Model E,1.7,187453,Petrol,Automatic,15463.825219393775,22,8520.59090909091
Audi,Model C,3.4,181510,Electric,Manual,21296.212255821072,15,12100.666666666666
Toyota,Model B,3.5,73839,Petrol,Manual,26999.01593576784,21,3516.1428571428573
Honda,Model A,3.0,80636,Electric,Automatic,20171.0857534227,24,3359.8333333333335
Honda,Model D,4.2,107697,Petrol,Automatic,33737.89614263645,9,11966.333333333334
Ford,Model D,1.4,66483,Electric,Manual,22527.59801275029,18,3693.5
Ford,Model B,1.6,20505,Electric,Automatic,26217.4168791702,20,1025.25
Audi,Model D,2.5,137625,Petrol,Automatic,27349.656931245736,5,27525.0
Audi,Model C,1.4,33525,Diesel,Automatic,22562.441200288053,17,1972.0588235294117
Ford,Model D,3.0,96008,Diesel,Manual,25672.558159681736,13,7385.2307692307695
Ford,Model B,2.4,44348,Diesel,Automatic,23809.063578324625,15,2956.5333333333333
Honda,Model B,2.0,7273,Petrol,Automatic,29913.282767612985,10,727.3
Ford,Model C,1.6,64236,Diesel,Manual,26832.38575226366,10,6423.6
BMW,Model D,2.2,134607,Diesel,Manual,17261.095591370893,24,5608.625
Toyota,Model D,3.1,149749,Petrol,Manual,24872.86445027373,16,9359.3125
Ford,Model A,3.0,107157,Diesel,Automatic,24843.882337874187,14,7654.071428571428
Audi,Model E,1.6,908,Diesel,Automatic,21866.61281431557,18,50.44444444444444
BMW,Model B,1.4,108352,Diesel,Manual,28470.530021919563,15,7223.466666666666
Audi,Model A,1.1,95967,Petrol,Automatic,19520.432917033355,16,5997.9375
BMW,Model B,1.0,88989,Petrol,Automatic,24488.04021758249,13,6845.307692307692
Ford,Model A,4.1,35079,Diesel,Automatic,30437.55665791036,9,3897.6666666666665
Toyota,Model E,1.2,111889,Diesel,Automatic,19295.97434693671,19,5888.894736842105
Audi,Model A,3.6,49323,Petrol,Manual,23144.758383857265,23,2144.478260869565
BMW,Model B,4.1,176392,Diesel,Manual,22235.130083510947,6,29398.666666666668
Honda,Model D,1.3,89909,Petrol,Automatic,22538.930009914908,13,6916.076923076923
Ford,Model B,2.5,46105,Diesel,Manual,30594.619283539007,7,6586.428571428572
Toyota,Model C,4.4,161236,Petrol,Automatic,22300.428152687666,19,8486.105263157895
Ford,Model C,3.9,132957,Electric,Automatic,24638.376696567437,17,7821.0
Honda,Model C,2.7,188891,Electric,Manual,23416.4338265483,7,26984.428571428572
Toyota,Model C,3.7,1049,Petrol,Manual,32485.849632273097,13,80.6923076923077
Honda,Model E,3.9,53281,Electric,Automatic,34976.17400330859,4,13320.25
Ford,Model D,2.2,43271,Diesel,Automatic,24666.09382245913,18,2403.9444444444443
BMW,Model D,4.1,66697,Petrol,Automatic,34023.598335595845,4,16674.25
Ford,Model B,2.6,197423,Petrol,Automatic,21041.542979408783,8,24677.875
Ford,Model A,2.8,36534,Diesel,Manual,24462.19120800823,24,1522.25
Ford,Model B,4.5,93034,Diesel,Manual,31282.30530540028,8,11629.25
Audi,Model B,4.0,58097,Petrol,Automatic,31867.498548904205,8,7262.125
Honda,Model B,2.3,184885,Diesel,Automatic,20380.33862100852,15,12325.666666666666
Honda,Model B,1.0,25037,Petrol,Manual,20172.066054003128,25,1001.48
Honda,Model D,3.2,167079,Diesel,Automatic,22149.60935755684,12,13923.25
Audi,Model A,3.5,27278,Petrol,Manual,34637.41728587654,10,2727.8
BMW,Model B,3.3,139344,Diesel,Automatic,21254.35203017524,15,9289.6
Ford,Model D,4.4,188255,Diesel,Manual,16324.30091217851,25,7530.2
BMW,Model B,4.0,99173,Electric,Automatic,26378.05793568692,19,5219.631578947368
Audi,Model C,2.6,38294,Electric,Automatic,33287.57119482889,10,3829.4
Honda,Model B,1.2,73277,Electric,Automatic,23081.34561554113,12,6106.416666666667
Ford,Model B,2.7,193581,Diesel,Manual,22546.59274546629,11,17598.272727272728
Toyota,Model E,3.4,4694,Petrol,Manual,29680.57288346329,12,391.1666666666667
Toyota,Model C,3.1,58150,Diesel,Automatic,30434.52936782139,5,11630.0
BMW,Model A,2.9,67470,Electric,Automatic,28690.896383441363,15,4498.0
Honda,Model B,2.6,21556,Diesel,Automatic,31353.726061514277,10,2155.6
Toyota,Model A,2.0,195543,Electric,Automatic,24549.309510281557,7,27934.714285714286
BMW,Model C,2.0,180927,Electric,Manual,24126.267508872705,9,20103.0
Audi,Model B,2.8,49086,Petrol,Manual,20466.60061376525,20,2454.3
BMW,Model E,1.6,149979,Petrol,Manual,17309.141319888822,15,9998.6
BMW,Model D,2.2,179559,Electric,Automatic,22971.00160315562,9,19951.0
BMW,Model E,2.1,160230,Electric,Automatic,15794.32003811888,17,9425.29411764706
Ford,Model E,3.1,151365,Diesel,Manual,24023.13991479184,8,18920.625
BMW,Model D,1.2,176833,Electric,Automatic,23412.28480882082,9,19648.11111111111
BMW,Model D,3.9,99468,Diesel,Manual,26243.46824677823,14,7104.857142857143
Ford,Model D,3.0,33387,Electric,Manual,35251.24715724207,4,8346.75
Ford,Model B,3.3,171822,Petrol,Manual,27452.563459695324,4,42955.5
Audi,Model A,3.5,68602,Petrol,Manual,23210.02749141077,21,3266.7619047619046
Honda,Model A,2.0,152328,Electric,Automatic,17055.181454598933,15,10155.2
Toyota,Model D,2.6,136666,Diesel,Manual,19333.304213128755,22,6212.090909090909
Toyota,Model E,4.3,2460,Diesel,Automatic,31886.211078137727,22,111.81818181818181
BMW,Model C,3.7,72356,Diesel,Manual,22479.14504046849,23,3145.913043478261
Audi,Model D,4.4,54698,Electric,Manual,33202.29670845772,9,6077.555555555556
BMW,Model E,3.6,101746,Electric,Manual,21073.122393296017,19,5355.0526315789475
Toyota,Model E,1.6,16191,Petrol,Manual,21546.099617499905,22,735.9545454545455
Ford,Model B,1.2,84631,Petrol,Automatic,23850.21331892312,13,6510.076923076923
Honda,Model B,3.0,10529,Electric,Automatic,31460.981640799622,14,752.0714285714286
Audi,Model A,2.3,32175,Petrol,Automatic,23103.147499916373,25,1287.0
Ford,Model A,2.0,17675,Diesel,Automatic,28053.147378505528,5,3535.0
Honda,Model C,3.8,174230,Diesel,Manual,25974.630321730518,7,24890.0
Audi,Model C,2.3,46798,Electric,Automatic,29325.53777941075,5,9359.6
Audi,Model C,2.1,70910,Diesel,Automatic,28536.443448365917,6,11818.333333333334
Toyota,Model C,4.0,130400,Electric,Manual,28757.617129025308,8,16300.0
Ford,Model E,4.0,157048,Diesel,Automatic,26280.303782390474,15,10469.866666666667
Audi,Model E,2.2,194188,Electric,Automatic,23781.07407338705,6,32364.666666666668
Audi,Model A,3.9,78678,Diesel,Automatic,26701.763945774168,23,3420.782608695652
Honda,Model B,4.0,62821,Diesel,Automatic,30459.92937114564,9,6980.111111111111
Toyota,Model B,2.5,12204,Petrol,Manual,26055.64688415636,14,871.7142857142857
BMW,Model D,1.2,186737,Petrol,Manual,19473.63528164093,16,11671.0625
Toyota,Model E,1.0,7394,Petrol,Automatic,24997.210475801265,18,410.77777777777777
BMW,Model C,2.8,64814,Petrol,Manual,26872.756465282208,11,5892.181818181818
Ford,Model C,2.2,33593,Petrol,Automatic,24595.995757020573,21,1599.6666666666667
Ford,Model D,4.5,173036,Petrol,Automatic,22518.719134398863,22,7865.272727272727
Audi,Model B,3.7,115064,Electric,Automatic,30885.181626015183,5,23012.8
Ford,Model C,3.7,53365,Electric,Manual,31773.677143946923,6,8894.166666666666
Audi,Model B,4.3,131515,Petrol,Manual,29141.724390288648,7,18787.85714285714
Toyota,Model D,4.1,159252,Electric,Manual,29818.642995699603,5,31850.4
Ford,Model B,2.1,179863,Petrol,Manual,16104.625910711376,22,8175.590909090909
Toyota,Model B,1.6,174737,Electric,Manual,22887.67011557083,11,15885.181818181818
Toyota,Model B,3.6,103700,Diesel,Manual,28463.17957519594,9,11522.222222222223
Ford,Model C,2.3,97077,Electric,Automatic,22318.62880324897,14,6934.071428571428
Toyota,Model A,2.7,134537,Electric,Manual,23827.258659140065,23,5849.434782608696
Ford,Model E,3.2,68247,Electric,Automatic,26836.626398975477,16,4265.4375
Ford,Model B,4.2,182631,Diesel,Automatic,26936.975515779075,11,16602.81818181818
Ford,Model B,2.5,156270,Petrol,Manual,21730.19674405176,16,9766.875
BMW,Model B,3.7,54740,Electric,Automatic,32536.148877121777,8,6842.5
Toyota,Model A,1.9,153560,Electric,Automatic,14666.512538513663,25,6142.4
Honda,Model D,3.4,169587,Diesel,Automatic,12713.01859328416,23,7373.347826086957
Ford,Model C,1.0,27898,Petrol,Manual,27478.65751840436,5,5579.6
Toyota,Model A,4.1,132991,Electric,Manual,26708.68842683459,14,9499.357142857143
Audi,Model B,1.1,181142,Diesel,Automatic,6704.953523986209,25,7245.68
Ford,Model A,3.5,62613,Petrol,Manual,24012.58678542056,23,2722.304347826087
Ford,Model A,1.2,96707,Petrol,Automatic,18887.111021728648,23,4204.652173913043
Honda,Model A,1.9,111777,Electric,Manual,20877.707234206868,21,5322.714285714285
BMW,Model D,2.7,47003,Electric,Automatic,32246.16049492941,7,6714.714285714285
BMW,Model E,2.5,48478,Electric,Automatic,23492.883903234226,25,1939.12
Ford,Model C,1.7,145506,Electric,Manual,19835.92276648376,22,6613.909090909091
Toyota,Model D,2.2,177318,Diesel,Manual,18226.33587081837,22,8059.909090909091
Audi,Model D,3.5,167721,Diesel,Manual,26007.61279780386,9,18635.666666666668
Audi,Model E,3.3,59030,Electric,Manual,28879.26029045449,12,4919.166666666667
Toyota,Model D,1.3,184133,Petrol,Manual,21122.62574910538,8,23016.625
Ford,Model A,3.6,133071,Electric,Automatic,18995.45369665056,25,5322.84
Audi,Model A,1.2,145921,Petrol,Automatic,26839.11146449125,4,36480.25
BMW,Model B,2.9,52800,Petrol,Automatic,30804.200416601976,10,5280.0
Toyota,Model D,1.9,5445,Petrol,Manual,22765.597091106545,23,236.7391304347826
Honda,Model B,3.1,149112,Diesel,Manual,30392.575567224198,5,29822.4
Ford,Model C,1.9,195387,Petrol,Automatic,16446.89229193078,17,11493.35294117647
Toyota,Model A,4.4,246,Petrol,Automatic,27396.156707853446,22,11.181818181818182
Audi,Model C,2.1,31153,Diesel,Automatic,31620.864906698407,5,6230.6
